Model,AUC,AUC 95% CI Lower,AUC 95% CI Upper,Accuracy,Precision,Sensitivity,Specificity,F1 Score
Logistic,0.8709119386586249,0.8395111036427908,0.9023127736744591,0.819634703196347,0.7786885245901639,0.6462585034013606,0.9072164948453608,0.7063197026022304
Decision Tree,0.8647985537190083,0.8064662307857198,0.9231308766522968,0.8257575757575758,0.7837837837837838,0.6590909090909091,0.9090909090909091,0.7160493827160493
Random Forest,0.909349173553719,0.8603698990931088,0.9583284480143293,0.8484848484848485,0.9,0.6136363636363636,0.9659090909090909,0.7297297297297297
XGBoost,0.8987603305785123,0.8473016753879008,0.9502189857691239,0.803030303030303,0.8461538461538461,0.5,0.9545454545454546,0.6285714285714286
LightGBM,0.8969524793388429,0.8450886456106348,0.948816313067051,0.7575757575757576,0.8333333333333334,0.3409090909090909,0.9659090909090909,0.4838709677419354
SVM,0.8897210743801652,0.8362850268572627,0.9431571219030678,0.8257575757575758,0.8181818181818182,0.6136363636363636,0.9318181818181818,0.7012987012987013
ANN,0.8982438016528926,0.8466688681701493,0.949818735135636,0.8409090909090909,0.8709677419354839,0.6136363636363636,0.9545454545454546,0.72
