Model,AUC,AUC 95% CI Lower,AUC 95% CI Upper,Accuracy,Precision,Sensitivity,Specificity,F1 Score
Logistic,0.8504661123708742,0.7996249457089903,0.9013072790327581,0.8042328042328042,0.76,0.6031746031746031,0.9047619047619048,0.672566371681416
Decision Tree,0.7803602922650541,0.7213374391829181,0.83938314534719,0.7724867724867724,0.7272727272727273,0.5079365079365079,0.9047619047619048,0.5981308411214953
Random Forest,0.86432350718065,0.8155023964687323,0.9131446178925676,0.8042328042328042,0.7954545454545454,0.5555555555555556,0.9285714285714286,0.6542056074766356
XGBoost,0.8702443940539178,0.8223371849553823,0.9181516031524534,0.7777777777777778,0.7692307692307693,0.47619047619047616,0.9285714285714286,0.588235294117647
LightGBM,0.8570168808264047,0.8071107086469945,0.9069230530058149,0.7671957671957672,0.8518518518518519,0.36507936507936506,0.9682539682539683,0.5111111111111111
SVM,0.8932350718065004,0.8492085498075915,0.9372615938054093,0.8148148148148148,0.85,0.5396825396825397,0.9523809523809523,0.6601941747572816
ANN,0.8866213151927438,0.841419905395732,0.9318227249897556,0.8042328042328042,0.7708333333333334,0.5873015873015873,0.9126984126984127,0.6666666666666666
